{
  "counts": {
    "n_events": 68,
    "n_windows": 5
  },
  "entropy_bin_edges": [
    -2.3504244466148174,
    -2.275103676905071,
    -2.1997829071953245,
    -2.1244621374855783,
    -2.0491413677758317,
    -1.9738205980660855,
    -1.8984998283563392,
    -1.8231790586465928,
    -1.7478582889368464,
    -1.6725375192271,
    -1.5972167495173535,
    -1.5218959798076073,
    -1.4465752100978608,
    -1.3712544403881144,
    -1.2959336706783682,
    -1.2206129009686217,
    -1.1452921312588753,
    -1.0699713615491289,
    -0.9946505918393824,
    -0.9193298221296362,
    -0.8440090524198898,
    -0.7686882827101433,
    -0.6933675130003971,
    -0.6180467432906507,
    -0.5427259735809042,
    -0.4674052038711578,
    -0.39208443416141137,
    -0.31676366445166515,
    -0.24144289474191893,
    -0.16612212503217227,
    -0.09080135532242606,
    -0.015480585612679398,
    0.059840184097066915
  ],
  "entropy_bins": 32,
  "expected_heartbeat_hz": 2.4,
  "log_delta_clip": 12.0,
  "psd_bin_dt_s": 0.05,
  "schema_version": "0.1",
  "window_events": 64
}
