window_idx,window_t0_ns,window_t1_ns,cv,hist_entropy,hamming_norm,event_rate_hz,psd_peak_hz,psd_peak_power,psd_peak_snr_db,psd_peak_bandwidth_hz,psd_peak_q,psd_peak_hz_error_hz
0,125166413098498,125184010220992,1.0334757768817178,0.8217165155756239,0.4710441468253968,3.6369582596144197,1.7613636363636362,92.16632081252817,7.938458621133609,0.05681818181818166,31.000000000000085,0.6386363636363637
1,125166603737836,125184034736500,1.049026845308478,0.8241915565663237,0.4714781746031746,3.6716198098378787,7.507163323782235,135.05470911668715,9.80859926760692,0.05730659025788043,130.99999999999824,5.107163323782235
2,125167117998927,125185102661254,1.0702894195395825,0.8360264433677559,0.4710441468253968,3.5585878031147753,8.055555555555555,123.3675210562271,8.483385956223291,0.05555555555555536,145.0000000000005,5.655555555555555
3,125167177854832,125185401700147,1.05152091701721,0.8232391170402473,0.4691840277777778,3.511882310991839,3.1232876712328768,99.47157475680304,6.919388347074191,0.1095890410958904,28.500000000000004,0.7232876712328768
4,125167215698837,125185515935328,1.0441453543224313,0.8194842087526188,0.46980406746031744,3.4972225649365245,8.065395095367846,163.764826428899,10.14495119532632,0.05449591280654076,147.9999999999966,5.665395095367845
