{
  "counts": {
    "n_events": 68,
    "n_windows": 5
  },
  "entropy_bin_edges": [
    -2.3426619333002514,
    -2.2664065496848265,
    -2.190151166069402,
    -2.113895782453977,
    -2.037640398838552,
    -1.9613850152231274,
    -1.8851296316077026,
    -1.8088742479922777,
    -1.732618864376853,
    -1.6563634807614283,
    -1.5801080971460033,
    -1.5038527135305786,
    -1.4275973299151539,
    -1.351341946299729,
    -1.2750865626843042,
    -1.1988311790688793,
    -1.1225757954534545,
    -1.0463204118380298,
    -0.9700650282226049,
    -0.8938096446071802,
    -0.8175542609917552,
    -0.7412988773763305,
    -0.6650434937609058,
    -0.5887881101454808,
    -0.5125327265300561,
    -0.4362773429146314,
    -0.36002195929920644,
    -0.2837665756837815,
    -0.207511192068357,
    -0.13125580845293205,
    -0.05500042483750711,
    0.021254958777917388,
    0.09751034239334214
  ],
  "entropy_bins": 32,
  "expected_heartbeat_hz": 2.4,
  "log_delta_clip": 12.0,
  "psd_bin_dt_s": 0.05,
  "schema_version": "0.1",
  "window_events": 64
}
