{
  "counts": {
    "n_events": 56,
    "n_windows": 25
  },
  "entropy_bin_edges": [
    -2.1465699741096858,
    -2.076580954702324,
    -2.006591935294962,
    -1.9366029158876006,
    -1.866613896480239,
    -1.7966248770728772,
    -1.7266358576655154,
    -1.6566468382581538,
    -1.586657818850792,
    -1.5166687994434302,
    -1.4466797800360687,
    -1.3766907606287069,
    -1.306701741221345,
    -1.2367127218139835,
    -1.1667237024066217,
    -1.0967346829992601,
    -1.0267456635918983,
    -0.9567566441845365,
    -0.886767624777175,
    -0.8167786053698132,
    -0.7467895859624516,
    -0.6768005665550898,
    -0.606811547147728,
    -0.5368225277403664,
    -0.46683350833300463,
    -0.39684448892564284,
    -0.32685546951828126,
    -0.25686645011091946,
    -0.18687743070355767,
    -0.11688841129619609,
    -0.04689939188883452,
    0.0230896275185275,
    0.09307864692588905
  ],
  "entropy_bins": 32,
  "expected_heartbeat_hz": 2.4,
  "log_delta_clip": 12.0,
  "psd_bin_dt_s": 0.05,
  "schema_version": "0.1",
  "window_events": 32
}
