{
  "counts": {
    "n_events": 68,
    "n_windows": 53
  },
  "entropy_bin_edges": [
    -4.274686644968768,
    -4.139352135375247,
    -4.004017625781725,
    -3.868683116188204,
    -3.733348606594682,
    -3.5980140970011605,
    -3.462679587407639,
    -3.3273450778141176,
    -3.1920105682205957,
    -3.0566760586270743,
    -2.921341549033553,
    -2.7860070394400314,
    -2.65067252984651,
    -2.5153380202529885,
    -2.380003510659467,
    -2.244669001065945,
    -2.1093344914724237,
    -1.9739999818789022,
    -1.8386654722853808,
    -1.703330962691859,
    -1.5679964530983375,
    -1.432661943504816,
    -1.2973274339112946,
    -1.1619929243177731,
    -1.0266584147242517,
    -0.8913239051307298,
    -0.7559893955372083,
    -0.6206548859436869,
    -0.48532037635016545,
    -0.349985866756644,
    -0.21465135716312211,
    -0.07931684756960067,
    0.05601766202392064
  ],
  "entropy_bins": 32,
  "expected_heartbeat_hz": 2.4,
  "log_delta_clip": 12.0,
  "psd_bin_dt_s": 0.05,
  "schema_version": "0.1",
  "window_events": 16
}
