{
  "shares_captured": 19,
  "avg_response_time_s": 2.7182551105200363,
  "effective_hashrate_mhs": 21.761167633066666,
  "vs_rtx3090_efficiency": 7.05223025145679
}