{
  "cv_mean": 0.7233663842300216,
  "hist_entropy_mean": 0.5120690781234514,
  "psd_peak_hz_error_hz_mean": 1.997940191971026,
  "psd_peak_hz_iqr_hz": 2.499999999999999,
  "psd_peak_hz_median": 4.266666666666667,
  "psd_peak_q_mean": 50.692307692307665,
  "psd_peak_snr_db_mean": 9.762123302226325,
  "schema_version": "0.1"
}
