{
  "counts": {
    "n_events": 28,
    "n_windows": 13
  },
  "entropy_bin_edges": [
    -2.2416352762105203,
    -2.1613181503728365,
    -2.0810010245351527,
    -2.000683898697469,
    -1.920366772859785,
    -1.8400496470221013,
    -1.7597325211844177,
    -1.679415395346734,
    -1.59909826950905,
    -1.5187811436713663,
    -1.4384640178336825,
    -1.358146891995999,
    -1.2778297661583151,
    -1.1975126403206313,
    -1.1171955144829475,
    -1.0368783886452637,
    -0.9565612628075799,
    -0.8762441369698961,
    -0.7959270111322123,
    -0.7156098852945285,
    -0.6352927594568447,
    -0.5549756336191611,
    -0.47465850778147733,
    -0.39434138194379353,
    -0.31402425610610973,
    -0.23370713026842616,
    -0.15339000443074235,
    -0.07307287859305855,
    0.007244247244625246,
    0.08756137308230905,
    0.16787849891999285,
    0.24819562475767665,
    0.32851275059536034
  ],
  "entropy_bins": 32,
  "expected_heartbeat_hz": 3.7,
  "log_delta_clip": 12.0,
  "psd_bin_dt_s": 0.05,
  "schema_version": "0.1",
  "window_events": 16
}
