{
  "experiment_date": "2025-12-28T12:03:12.906197",
  "duration_s": 27.437283515930176,
  "difficulty": 0.08,
  "total_shares": 4,
  "python_verified": 0,
  "verification_failed": 4,
  "verification_rate": 0.0,
  "total_records_sealed": 20,
  "latency_mean_s": 6.782317876815796,
  "latency_min_s": 2.310925006866455,
  "latency_max_s": 12.502662658691406,
  "hashrate_mhs": 50.09204104342272,
  "efficiency_mhw": 5.56578233815808,
  "vs_rtx3090_efficiency": 16.233531819627732,
  "power_watts": 9.0,
  "version_rolling_enabled": true,
  "hardware": "Lucky Miner LV06 (BM1366)",
  "encryption": "AES-256-GCM"
}