{
  "experiment_date": "2025-12-28T12:24:30.673904",
  "duration_s": 37.020944356918335,
  "difficulty": 1000,
  "total_shares": 3,
  "python_verified": 0,
  "verification_failed": 3,
  "verification_rate": 0.0,
  "total_records_sealed": 15,
  "latency_mean_s": 12.272013664245605,
  "latency_min_s": 0.5546860694885254,
  "latency_max_s": 18.873584270477295,
  "hashrate_mhs": 348043.57673258864,
  "efficiency_mhw": 38671.50852584318,
  "vs_rtx3090_efficiency": 112791.89986704261,
  "power_watts": 9.0,
  "version_rolling_enabled": true,
  "hardware": "Lucky Miner LV06 (BM1366)",
  "encryption": "AES-256-GCM"
}