{
  "experiment_date": "2025-12-28T14:46:53.206539",
  "duration_s": 306.6209907531738,
  "difficulty": 1000,
  "total_shares": 9,
  "python_verified": 0,
  "verification_failed": 9,
  "verification_rate": 0.0,
  "total_records_sealed": 45,
  "latency_mean_s": 33.9773063659668,
  "latency_min_s": 4.646264314651489,
  "latency_max_s": 102.23495626449585,
  "hashrate_mhs": 126066.73003387614,
  "efficiency_mhw": 14007.41444820846,
  "vs_rtx3090_efficiency": 40854.95880727467,
  "power_watts": 9.0,
  "version_rolling_enabled": true,
  "hardware": "Lucky Miner LV06 (BM1366)",
  "encryption": "AES-256-GCM"
}