{
  "experiment_date": "2025-12-28T12:12:02.830949",
  "duration_s": 17.733011960983276,
  "difficulty": 1,
  "total_shares": 1,
  "python_verified": 0,
  "verification_failed": 1,
  "verification_rate": 0.0,
  "total_records_sealed": 5,
  "latency_mean_s": 17.733011960983276,
  "latency_min_s": 17.733011960983276,
  "latency_max_s": 17.733011960983276,
  "hashrate_mhs": 242.20179321200035,
  "efficiency_mhw": 26.91131035688893,
  "vs_rtx3090_efficiency": 78.49132187425937,
  "power_watts": 9.0,
  "version_rolling_enabled": true,
  "hardware": "Lucky Miner LV06 (BM1366)",
  "encryption": "AES-256-GCM"
}