t_ns,nonce,hash_hex,difficulty_bits,attempts_since_prev,backend,notes_json
1766776458032289792,83886080,0000000000000000000000000000000000000000000000000000000000000000,0,0,lv06_silicon,"{""hw"": ""lv06"", ""perf"": 718146.3285481}"
1766776463304635648,117440512,0000000000000000000000000000000000000000000000000000000000000000,0,0,lv06_silicon,"{""hw"": ""lv06"", ""perf"": 718151.6008945}"
1766776463904869120,117440512,0000000000000000000000000000000000000000000000000000000000000000,0,0,lv06_silicon,"{""hw"": ""lv06"", ""perf"": 718152.2011275}"
1766776473722065920,201326592,0000000000000000000000000000000000000000000000000000000000000000,0,0,lv06_silicon,"{""hw"": ""lv06"", ""perf"": 718162.0183248}"
1766776484216336896,0,0000000000000000000000000000000000000000000000000000000000000000,0,0,lv06_silicon,"{""hw"": ""lv06"", ""perf"": 718172.5125954}"
1766776509335310080,0,0000000000000000000000000000000000000000000000000000000000000000,0,0,lv06_silicon,"{""hw"": ""lv06"", ""perf"": 718197.6315686}"
1766776521715759872,0,0000000000000000000000000000000000000000000000000000000000000000,0,0,lv06_silicon,"{""hw"": ""lv06"", ""perf"": 718210.0120184}"
1766776523802882048,0,0000000000000000000000000000000000000000000000000000000000000000,0,0,lv06_silicon,"{""hw"": ""lv06"", ""perf"": 718212.0991404}"
1766776524992103168,0,0000000000000000000000000000000000000000000000000000000000000000,0,0,lv06_silicon,"{""hw"": ""lv06"", ""perf"": 718213.2883617}"
1766776525242057216,0,0000000000000000000000000000000000000000000000000000000000000000,0,0,lv06_silicon,"{""hw"": ""lv06"", ""perf"": 718213.5383158}"
1766776529012903424,0,0000000000000000000000000000000000000000000000000000000000000000,0,0,lv06_silicon,"{""hw"": ""lv06"", ""perf"": 718217.3091625}"
1766776540322596352,0,0000000000000000000000000000000000000000000000000000000000000000,0,0,lv06_silicon,"{""hw"": ""lv06"", ""perf"": 718228.6188547}"
