{
  "cv_mean": 0.863099119049329,
  "hist_entropy_mean": 0.68266701015964,
  "psd_peak_hz_error_hz_mean": 3.693877133028113,
  "psd_peak_hz_iqr_hz": 5.261519302615192,
  "psd_peak_hz_median": 6.373626373626373,
  "psd_peak_q_mean": 22.06666666666666,
  "psd_peak_snr_db_mean": 7.160510760521007,
  "schema_version": "0.1"
}
