{
  "cv_mean": 0.8371872607234703,
  "hist_entropy_mean": 0.6799368977850782,
  "psd_peak_hz_error_hz_mean": 0.3969013637261693,
  "psd_peak_hz_iqr_hz": 0.08158000536049315,
  "psd_peak_hz_median": 2.4794783722419513,
  "psd_peak_q_mean": 18.721428571428568,
  "psd_peak_snr_db_mean": 7.540418019597904,
  "schema_version": "0.1"
}
