{"sw_hps": 583201.6, "hw_hps": 500000000000, "lv06_qps": 0.17954619243366962, "latency_ms": 6188.441514968872}