{
  "counts": {
    "n_events": 15,
    "n_windows": 0
  },
  "entropy_bin_edges": [
    0.572214888569637,
    0.603832831250599,
    0.635450773931561,
    0.6670687166125231,
    0.6986866592934851,
    0.730304601974447,
    0.7619225446554091,
    0.7935404873363712,
    0.8251584300173331,
    0.8567763726982951,
    0.8883943153792572,
    0.9200122580602192,
    0.9516302007411812,
    0.9832481434221432,
    1.0148660861031051,
    1.0464840287840673,
    1.0781019714650293,
    1.1097199141459912,
    1.1413378568269534,
    1.1729557995079154,
    1.2045737421888774,
    1.2361916848698393,
    1.2678096275508013,
    1.2994275702317635,
    1.3310455129127254,
    1.3626634555936874,
    1.3942813982746496,
    1.4258993409556115,
    1.4575172836365735,
    1.4891352263175355,
    1.5207531689984974,
    1.5523711116794596,
    1.5839890543604216
  ],
  "entropy_bins": 32,
  "expected_heartbeat_hz": 2.4,
  "log_delta_clip": 12.0,
  "psd_bin_dt_s": 0.05,
  "schema_version": "0.1",
  "window_events": 64
}
