{
  "counts": {
    "n_events": 29,
    "n_windows": 14
  },
  "entropy_bin_edges": [
    -1.6493905002537435,
    -1.588606353182362,
    -1.5278222061109805,
    -1.467038059039599,
    -1.4062539119682176,
    -1.3454697648968361,
    -1.2846856178254547,
    -1.2239014707540732,
    -1.1631173236826917,
    -1.1023331766113103,
    -1.0415490295399288,
    -0.9807648824685473,
    -0.9199807353971658,
    -0.8591965883257844,
    -0.7984124412544029,
    -0.7376282941830214,
    -0.67684414711164,
    -0.6160600000402585,
    -0.555275852968877,
    -0.4944917058974956,
    -0.4337075588261141,
    -0.37292341175473265,
    -0.3121392646833512,
    -0.2513551176119697,
    -0.19057097054058825,
    -0.12978682346920678,
    -0.06900267639782531,
    -0.008218529326443846,
    0.05256561774493762,
    0.11334976481631909,
    0.17413391188770055,
    0.23491805895908202,
    0.2957022060304635
  ],
  "entropy_bins": 32,
  "expected_heartbeat_hz": 2.4,
  "log_delta_clip": 12.0,
  "psd_bin_dt_s": 0.05,
  "schema_version": "0.1",
  "window_events": 16
}
