window_idx,window_t0_ns,window_t1_ns,cv,hist_entropy,hamming_norm,event_rate_hz,psd_peak_hz,psd_peak_power,psd_peak_snr_db,psd_peak_bandwidth_hz,psd_peak_q,psd_peak_hz_error_hz
0,125389346485489,125406779425801,1.047615446470389,0.8271312187048148,0.4710441468253968,3.6712108717509615,1.7765042979942693,120.16738873168393,8.718657323147154,0.1146131805157593,15.500000000000002,0.6234957020057306
1,125389527191976,125406803268712,1.0626255160090483,0.8271312187048148,0.4714781746031746,3.7045447862960916,5.375722543352601,112.9185025820293,9.019967246327337,0.05780346820809257,92.99999999999986,2.975722543352601
2,125390019124288,125407740348558,1.073508128837908,0.8324087284570666,0.4710441468253968,3.6114886322128803,5.408450704225352,110.1340642731632,8.972760533457576,0.05633802816901401,96.00000000000013,3.008450704225352
3,125390077124126,125408032079591,1.0547797749624146,0.8196214021295581,0.4691840277777778,3.5644755635711065,5.388888888888888,128.5579326283199,9.481503749324926,0.05555555555555536,97.00000000000034,2.9888888888888885
4,125390113375831,125408140269491,1.0476887290902956,0.8174737889097101,0.46980406746031744,3.55025115292104,1.7728531855955678,127.07099454431194,9.900057300905944,0.11080332409972282,16.000000000000025,0.6271468144044321
