{
  "counts": {
    "n_events": 69,
    "n_windows": 54
  },
  "entropy_bin_edges": [
    -9.0,
    -8.71664501267886,
    -8.43329002535772,
    -8.149935038036583,
    -7.866580050715443,
    -7.583225063394304,
    -7.299870076073164,
    -7.016515088752025,
    -6.733160101430887,
    -6.449805114109747,
    -6.166450126788607,
    -5.883095139467469,
    -5.599740152146329,
    -5.31638516482519,
    -5.033030177504051,
    -4.749675190182912,
    -4.466320202861772,
    -4.182965215540633,
    -3.899610228219494,
    -3.6162552408983544,
    -3.3329002535772156,
    -3.049545266256076,
    -2.7661902789349373,
    -2.4828352916137977,
    -2.199480304292658,
    -1.9161253169715193,
    -1.6327703296503797,
    -1.349415342329241,
    -1.0660603550081014,
    -0.7827053676869618,
    -0.4993503803658239,
    -0.2159953930446843,
    0.06735959427645484
  ],
  "entropy_bins": 32,
  "expected_heartbeat_hz": 2.4,
  "log_delta_clip": 12.0,
  "psd_bin_dt_s": 0.05,
  "schema_version": "0.1",
  "window_events": 16
}
