{
  "cv_mean": 0.975284633466581,
  "hist_entropy_mean": 0.5769253858790073,
  "psd_peak_hz_error_hz_mean": 3.2181637813205883,
  "psd_peak_hz_iqr_hz": 3.2996570226480153,
  "psd_peak_hz_median": 6.683699112079076,
  "psd_peak_q_mean": 31.34259259259259,
  "psd_peak_snr_db_mean": 10.285986880774068,
  "schema_version": "0.1"
}
