{
  "timestamp": "2025-12-24T15:26:15.926184",
  "config": {
    "difficulties_tested": [
      1e-05,
      0.0001,
      0.001,
      0.005,
      0.01,
      0.05,
      0.1,
      0.5,
      1.0,
      5.0,
      10.0,
      50.0,
      100.0,
      500.0,
      1000.0,
      5000.0,
      10000.0
    ],
    "samples_per_difficulty": 10,
    "window_time_test": 3.0
  },
  "difficulty_sweep": {
    "1e-05": {
      "samples": [
        0,
        0,
        0,
        0,
        0,
        3,
        0,
        0,
        0,
        1
      ],
      "avg_shares_per_window": 0.4,
      "total_shares": 4,
      "share_rate": 0.13333333333333333
    },
    "0.0001": {
      "samples": [
        0,
        0,
        0,
        1,
        1,
        0,
        1,
        0,
        0,
        1
      ],
      "avg_shares_per_window": 0.4,
      "total_shares": 4,
      "share_rate": 0.13333333333333333
    },
    "0.001": {
      "samples": [
        0,
        0,
        0,
        0,
        2,
        0,
        1,
        1,
        0,
        0
      ],
      "avg_shares_per_window": 0.4,
      "total_shares": 4,
      "share_rate": 0.13333333333333333
    },
    "0.005": {
      "samples": [
        0,
        0,
        0,
        0,
        1,
        1,
        0,
        1,
        0,
        1
      ],
      "avg_shares_per_window": 0.4,
      "total_shares": 4,
      "share_rate": 0.13333333333333333
    },
    "0.01": {
      "samples": [
        0,
        0,
        0,
        0,
        0,
        0,
        2,
        2,
        0,
        0
      ],
      "avg_shares_per_window": 0.4,
      "total_shares": 4,
      "share_rate": 0.13333333333333333
    },
    "0.05": {
      "samples": [
        0,
        0,
        0,
        1,
        2,
        0,
        0,
        1,
        0,
        0
      ],
      "avg_shares_per_window": 0.4,
      "total_shares": 4,
      "share_rate": 0.13333333333333333
    },
    "0.1": {
      "samples": [
        3,
        0,
        0,
        0,
        0,
        0,
        1,
        0,
        0,
        0
      ],
      "avg_shares_per_window": 0.4,
      "total_shares": 4,
      "share_rate": 0.13333333333333333
    },
    "0.5": {
      "samples": [
        2,
        1,
        0,
        0,
        1,
        1,
        0,
        0,
        2,
        1
      ],
      "avg_shares_per_window": 0.8,
      "total_shares": 8,
      "share_rate": 0.26666666666666666
    },
    "1.0": {
      "samples": [
        0,
        0,
        0,
        1,
        0,
        0,
        0,
        0,
        0,
        1
      ],
      "avg_shares_per_window": 0.2,
      "total_shares": 2,
      "share_rate": 0.06666666666666667
    },
    "5.0": {
      "samples": [
        0,
        1,
        0,
        1,
        0,
        0,
        0,
        0,
        0,
        0
      ],
      "avg_shares_per_window": 0.2,
      "total_shares": 2,
      "share_rate": 0.06666666666666667
    },
    "10.0": {
      "samples": [
        1,
        1,
        1,
        1,
        0,
        0,
        0,
        0,
        0,
        0
      ],
      "avg_shares_per_window": 0.4,
      "total_shares": 4,
      "share_rate": 0.13333333333333333
    },
    "50.0": {
      "samples": [
        2,
        0,
        0,
        0,
        1,
        0,
        0,
        1,
        0,
        1
      ],
      "avg_shares_per_window": 0.5,
      "total_shares": 5,
      "share_rate": 0.16666666666666666
    },
    "100.0": {
      "samples": [
        0,
        0,
        1,
        0,
        0,
        0,
        0,
        0,
        0,
        0
      ],
      "avg_shares_per_window": 0.1,
      "total_shares": 1,
      "share_rate": 0.03333333333333333
    },
    "500.0": {
      "samples": [
        0,
        0,
        0,
        0,
        0,
        0,
        0,
        0,
        1,
        0
      ],
      "avg_shares_per_window": 0.1,
      "total_shares": 1,
      "share_rate": 0.03333333333333333
    },
    "1000.0": {
      "samples": [
        0,
        0,
        0,
        0,
        0,
        0,
        0,
        0,
        0,
        0
      ],
      "avg_shares_per_window": 0.0,
      "total_shares": 0,
      "share_rate": 0.0
    },
    "5000.0": {
      "samples": [
        0,
        0,
        0,
        0,
        0,
        0,
        0,
        0,
        0,
        0
      ],
      "avg_shares_per_window": 0.0,
      "total_shares": 0,
      "share_rate": 0.0
    },
    "10000.0": {
      "samples": [
        0,
        0,
        0,
        0,
        0,
        0,
        0,
        0,
        0,
        0
      ],
      "avg_shares_per_window": 0.0,
      "total_shares": 0,
      "share_rate": 0.0
    }
  },
  "response_test": {
    "d_low": 0.5,
    "d_high": 5.0,
    "low_shares": [
      1,
      0,
      0,
      1,
      0,
      0,
      0,
      0,
      0,
      1,
      0,
      1,
      0,
      0,
      0,
      0,
      0,
      0,
      1,
      0
    ],
    "high_shares": [
      0,
      1,
      2,
      0,
      0,
      0,
      0,
      0,
      0,
      0,
      0,
      0,
      0,
      0,
      1,
      1,
      2,
      0,
      0,
      0
    ],
    "avg_low": 0.25,
    "avg_high": 0.35,
    "ratio": 0.7142857142857143,
    "responsive": false
  },
  "window_sweep": {
    "0.5": {
      "samples": [
        0,
        0,
        0,
        0,
        0
      ],
      "avg_shares": 0.0,
      "share_rate": 0.0
    },
    "1.0": {
      "samples": [
        0,
        0,
        0,
        0,
        0
      ],
      "avg_shares": 0.0,
      "share_rate": 0.0
    },
    "2.0": {
      "samples": [
        0,
        0,
        0,
        0,
        1
      ],
      "avg_shares": 0.2,
      "share_rate": 0.1
    },
    "3.0": {
      "samples": [
        2,
        0,
        0,
        0,
        2
      ],
      "avg_shares": 0.8,
      "share_rate": 0.26666666666666666
    },
    "5.0": {
      "samples": [
        2,
        1,
        3,
        2,
        0
      ],
      "avg_shares": 1.6,
      "share_rate": 0.32
    }
  },
  "recommendations": {
    "status": "PARTIAL",
    "difficulty": {
      "D_MIN": 1e-05,
      "D_MAX": 500.0,
      "D_OPTIMAL": 0.5,
      "recommended_D_BASE": 0.5
    },
    "timing": {
      "best_window": 5.0,
      "recommended_WINDOW_TIME": 5.0
    },
    "chip_responsive": false,
    "experiment_config": {
      "D_BASE": 0.5,
      "WINDOW_TIME": 5.0,
      "EPSILON": 0.025,
      "expected_shares_per_step": 1.6
    }
  }
}