{
  "experiment_date": "2025-12-28T10:50:49.464649",
  "duration_s": 304.29882740974426,
  "difficulty": 0.08,
  "total_shares": 37,
  "python_verified": 0,
  "verification_failed": 37,
  "verification_rate": 0.0,
  "total_records_sealed": 185,
  "latency_mean_s": 8.124232704574997,
  "latency_min_s": 1.317979335784912,
  "latency_max_s": 22.20423173904419,
  "hashrate_mhs": 41.778350837617786,
  "efficiency_mhw": 4.642038981957532,
  "vs_rtx3090_efficiency": 13.539280364042801,
  "power_watts": 9.0,
  "version_rolling_enabled": true,
  "hardware": "Lucky Miner LV06 (BM1366)",
  "encryption": "AES-256-GCM"
}