t_ns,nonce,hash_hex,backend,notes_json
1766785025423218688,0,0000000000000000000000000000000000000000000000000000000000000000,lv06_silicon,"{""rt"": 1.9954313999041915, ""jid"": ""job_726711724""}"
1766785027437302528,0,0000000000000000000000000000000000000000000000000000000000000000,lv06_silicon,"{""rt"": 0.0050521999364718795, ""jid"": ""job_726715728""}"
1766785088532154368,0,0000000000000000000000000000000000000000000000000000000000000000,lv06_silicon,"{""rt"": 0.8614744000369683, ""jid"": ""job_726775966""}"
1766785095430685952,0,0000000000000000000000000000000000000000000000000000000000000000,lv06_silicon,"{""rt"": 0.885145999956876, ""jid"": ""job_726782841""}"
1766785112920467968,0,0000000000000000000000000000000000000000000000000000000000000000,lv06_silicon,"{""rt"": 1.429713699966669, ""jid"": ""job_726799787""}"
1766785140008559360,0,0000000000000000000000000000000000000000000000000000000000000000,lv06_silicon,"{""rt"": 0.9914050999796018, ""jid"": ""job_726827313""}"
1766785173846563328,0,0000000000000000000000000000000000000000000000000000000000000000,lv06_silicon,"{""rt"": 1.7250748999649659, ""jid"": ""job_726860417""}"
1766785185591907072,0,0000000000000000000000000000000000000000000000000000000000000000,lv06_silicon,"{""rt"": 1.7109107000287622, ""jid"": ""job_726872177""}"
1766785223233526272,0,0000000000000000000000000000000000000000000000000000000000000000,lv06_silicon,"{""rt"": 1.5022667000303045, ""jid"": ""job_726910027""}"
1766785241285285376,0,0000000000000000000000000000000000000000000000000000000000000000,lv06_silicon,"{""rt"": 1.9869672999484465, ""jid"": ""job_726927594""}"
