{
  "cv_mean": 1.5720659276965618,
  "hist_entropy_mean": 0.6334619608085641,
  "psd_peak_hz_error_hz_mean": 1.8959100994178997,
  "psd_peak_hz_iqr_hz": 2.8012891711521846,
  "psd_peak_hz_median": 2.7871148459383748,
  "psd_peak_q_mean": 20.500000000000007,
  "psd_peak_snr_db_mean": 7.711188181571024,
  "schema_version": "0.1"
}
