{
    "avg_hashrate_mhs": 515.3126809391925,
    "efficiency_mhw": 57.256964548799175,
    "days_covered_in_300s": 1.8,
    "mean_latency": 8.217353191640642,
    "cv": 0.8811696562095968,
    "timestamp": 1766339420.844523
}