{
  "cv_mean": 1.6154258112632436,
  "hist_entropy_mean": 0.6452136757483952,
  "psd_peak_hz_error_hz_mean": 2.384473531574613,
  "psd_peak_hz_iqr_hz": 4.13263896697387,
  "psd_peak_hz_median": 2.179910998092816,
  "psd_peak_q_mean": 9.08333333333333,
  "psd_peak_snr_db_mean": 7.873613131907322,
  "schema_version": "0.1"
}
