{
  "counts": {
    "n_events": 68,
    "n_windows": 53
  },
  "entropy_bin_edges": [
    -2.3400837387561273,
    -2.2640122749339455,
    -2.1879408111117638,
    -2.111869347289582,
    -2.0357978834674,
    -1.9597264196452187,
    -1.883654955823037,
    -1.8075834920008553,
    -1.7315120281786736,
    -1.6554405643564918,
    -1.57936910053431,
    -1.5032976367121285,
    -1.4272261728899467,
    -1.351154709067765,
    -1.2750832452455834,
    -1.1990117814234016,
    -1.1229403176012198,
    -1.046868853779038,
    -0.9707973899568563,
    -0.8947259261346747,
    -0.818654462312493,
    -0.7425829984903112,
    -0.6665115346681296,
    -0.5904400708459479,
    -0.5143686070237661,
    -0.4382971432015843,
    -0.36222567937940253,
    -0.28615421555722076,
    -0.21008275173503943,
    -0.13401128791285766,
    -0.057939824090675884,
    0.01813163973150589,
    0.09420310355368768
  ],
  "entropy_bins": 32,
  "expected_heartbeat_hz": 2.4,
  "log_delta_clip": 12.0,
  "psd_bin_dt_s": 0.05,
  "schema_version": "0.1",
  "window_events": 16
}
