{
  "timestamp": "2025-12-24T16:36:26.754664",
  "config": {
    "modulation_mode": "difficulty",
    "narma_steps": 200,
    "d_base": 0.5
  },
  "data_quality": {
    "total_samples": 200,
    "timeouts": 4,
    "timeout_rate": 0.02,
    "avg_response_ms": 6632.384993299959
  },
  "results": {
    "nrmse_normal": 0.2823236606980018,
    "nrmse_shuffle": 0.29069569846501647,
    "improvement_pct": 2.8800005680242973,
    "best_alpha": 0.001
  },
  "status": "FAIL",
  "raw_response_times": [
    0.08395459991879761,
    7.3667764000128955,
    2.321797200012952,
    4.562520500039682,
    13.630608199979179,
    9.637552300002426,
    7.636401699972339,
    4.478965900023468,
    8.369146600016393,
    10.40090499992948,
    8.689070699969307,
    3.195683000027202,
    8.3730496999342,
    4.1858696000417694,
    8.860681400052272,
    13.868072999990545,
    13.093295739986933,
    5.06101300008595,
    2.9494357999647036,
    9.314824700006284,
    9.190476599964313,
    3.2279574000276625,
    11.5424790000543,
    4.963393999962136,
    8.960685399943031,
    2.9287676999811083,
    4.0744699001079425,
    4.522892500041053,
    5.926544199930504,
    3.0992031999630854,
    5.044362800079398,
    3.075838299933821,
    3.1743682000087574,
    2.9929254999151453,
    5.007292399997823,
    1.019337399979122,
    15.037952000042424,
    3.406179199926555,
    1.4364638000261039,
    5.189113099942915,
    3.657110800035298,
    5.0491144000552595,
    3.266247699968517,
    16.205528900027275,
    3.567422299995087,
    11.487214799970388,
    18.843266999931075,
    9.576652999967337,
    6.284996200003661,
    5.218296800041571,
    2.674211399978958,
    6.417445600032806,
    4.998354600043967,
    1.1637874000007287,
    16.906007600016892,
    13.319947400013916,
    0.09516010002698749,
    4.368457100004889,
    1.6341743998927996,
    13.92186020000372,
    5.148814899963327,
    3.2866028000134975,
    4.02591600001324,
    18.027471599983983,
    4.097414199961349,
    2.6216689000139013,
    9.980526699917391,
    2.5223451999481767,
    3.4410615999950096,
    1.0372358000604436,
    3.6591908999253064,
    13.89574609999545,
    4.7318173999665305,
    2.989661700092256,
    9.024403500021435,
    3.6967376999091357,
    17.295339899952523,
    3.2310489000519738,
    7.941675700014457,
    2.8328403000487015,
    11.662264400045387,
    6.930447700084187,
    0.03170649998355657,
    1.5682290999684483,
    6.814390399958938,
    10.996890799957328,
    2.0474149000365287,
    6.896231000078842,
    1.923440600046888,
    2.1467382000992075,
    24.899322199984454,
    13.093295739986933,
    2.6370547000551596,
    2.6758393000345677,
    5.338461600011215,
    2.438270300044678,
    0.04778899997472763,
    1.6059653999982402,
    1.909025900065899,
    4.858719800016843,
    12.815817499998957,
    23.555036200094037,
    3.865942799951881,
    4.085467200027779,
    14.25904100004118,
    16.567720500053838,
    4.348430500016548,
    4.115513999946415,
    5.639806400053203,
    5.215099800028838,
    28.691208300064318,
    9.123704700032249,
    2.721408799989149,
    11.950149500044063,
    12.474082699976861,
    3.6100966000230983,
    3.70968789991457,
    0.6757569999899715,
    6.948458299972117,
    13.093295739986933,
    7.301388000021689,
    3.3390203999588266,
    12.69492589996662,
    16.04003630008083,
    21.060499800019898,
    5.559949600021355,
    3.612733899964951,
    9.129195100045763,
    16.378568800049834,
    13.278944200021215,
    3.929380400106311,
    4.773847999982536,
    1.8468786000739783,
    20.115129700046964,
    2.3573953000595793,
    5.863325499929488,
    4.160289000021294,
    2.479353299946524,
    0.2649352999869734,
    1.2010307000018656,
    2.3399022999219596,
    3.110679400037043,
    6.21791809995193,
    3.1031564000295475,
    0.0996822000015527,
    3.923954700003378,
    10.954100399976596,
    2.0800214000046253,
    6.7625298000639305,
    1.808659900096245,
    9.429995200014673,
    6.240037399926223,
    3.4635302999522537,
    14.364783699973486,
    8.864826899953187,
    13.093295739986933,
    11.380191899952479,
    3.9937847000546753,
    3.4887652000179514,
    7.320668900036253,
    3.4590841999743134,
    8.103190499939956,
    2.5157074000453576,
    7.296534199966118,
    6.678742499905638,
    7.034982700017281,
    7.368707999936305,
    1.1642821999266744,
    11.828381799976341,
    0.648988000000827,
    3.485405500046909,
    6.252668499946594,
    4.664724399917759,
    0.03229330002795905,
    3.7788196000037715,
    2.04368479992263,
    1.9563106000423431,
    5.595047499984503,
    3.6284188999561593,
    7.484709299984388,
    4.680273899924941,
    18.266666000010446,
    10.722074800054543,
    8.513504599919543,
    4.123284099972807,
    14.636998799978755,
    1.312565500033088,
    4.473560200072825,
    1.582278999965638,
    5.342526099993847,
    7.677193899988197,
    2.504497299902141,
    13.064560599974357,
    5.182154800044373,
    3.5608148000901565,
    1.3924837000668049,
    20.62004879990127,
    4.439489600015804,
    0.12514479993842542,
    1.7785530000692233
  ]
}