{
  "cv_mean": 0.933306704591239,
  "hist_entropy_mean": 0.6744490218889075,
  "psd_peak_hz_error_hz_mean": 1.7137230064169635,
  "psd_peak_hz_iqr_hz": 2.5397636302390874,
  "psd_peak_hz_median": 2.102396800757715,
  "psd_peak_q_mean": 18.48809523809524,
  "psd_peak_snr_db_mean": 7.966354510889998,
  "schema_version": "0.1"
}
