{
  "shares_captured": 27,
  "avg_response_time_s": 2.608690566654938,
  "effective_hashrate_mhs": 30.923764531200003,
  "vs_rtx3090_efficiency": 10.021590357333334
}