{"entropy": 0.008760404309648485, "jitter_ms": 5860.793659217621, "cv": 1.1048776703859342, "sample_count": 49}