{
  "counts": {
    "n_events": 60,
    "n_windows": 0
  },
  "entropy_bin_edges": [
    -2.1475702502582097,
    -2.078652526845394,
    -2.009734803432578,
    -1.9408170800197624,
    -1.8718993566069464,
    -1.8029816331941306,
    -1.7340639097813149,
    -1.665146186368499,
    -1.596228462955683,
    -1.5273107395428673,
    -1.4583930161300516,
    -1.3894752927172358,
    -1.32055756930442,
    -1.2516398458916043,
    -1.1827221224787885,
    -1.1138043990659725,
    -1.0448866756531567,
    -0.975968952240341,
    -0.9070512288275252,
    -0.8381335054147092,
    -0.7692157820018934,
    -0.7002980585890777,
    -0.6313803351762619,
    -0.5624626117634461,
    -0.4935448883506304,
    -0.4246271649378144,
    -0.3557094415249986,
    -0.28679171811218285,
    -0.21787399469936708,
    -0.1489562712865513,
    -0.08003854787373532,
    -0.011120824460919554,
    0.05779689895189638
  ],
  "entropy_bins": 32,
  "expected_heartbeat_hz": 2.4,
  "log_delta_clip": 12.0,
  "psd_bin_dt_s": 0.05,
  "schema_version": "0.1",
  "window_events": 64
}
