{
  "counts": {
    "n_events": 29,
    "n_windows": 14
  },
  "entropy_bin_edges": [
    -1.6002255311122684,
    -1.5394230345997264,
    -1.4786205380871846,
    -1.4178180415746426,
    -1.3570155450621006,
    -1.2962130485495589,
    -1.2354105520370169,
    -1.174608055524475,
    -1.113805559011933,
    -1.0530030624993911,
    -0.9922005659868491,
    -0.9313980694743073,
    -0.8705955729617654,
    -0.8097930764492234,
    -0.7489905799366815,
    -0.6881880834241395,
    -0.6273855869115976,
    -0.5665830903990556,
    -0.5057805938865139,
    -0.44497809737397187,
    -0.3841756008614299,
    -0.3233731043488881,
    -0.2625706078363461,
    -0.20176811132380412,
    -0.14096561481126235,
    -0.08016311829872036,
    -0.019360621786178367,
    0.041441874726363626,
    0.1022443712389054,
    0.1630468677514474,
    0.22384936426398938,
    0.28465186077653115,
    0.34545435728907314
  ],
  "entropy_bins": 32,
  "expected_heartbeat_hz": 3.7,
  "log_delta_clip": 12.0,
  "psd_bin_dt_s": 0.05,
  "schema_version": "0.1",
  "window_events": 16
}
