{
  "experiment_date": "2025-12-28T15:44:49.586039",
  "duration_s": 16.702850818634033,
  "difficulty": 1,
  "total_shares": 1,
  "python_verified": 0,
  "verification_failed": 1,
  "verification_rate": 0.0,
  "total_records_sealed": 5,
  "latency_mean_s": 16.702850818634033,
  "latency_min_s": 16.702850818634033,
  "latency_max_s": 16.702850818634033,
  "hashrate_mhs": 257.13977467896973,
  "efficiency_mhw": 28.57108607544108,
  "vs_rtx3090_efficiency": 83.33233438670315,
  "power_watts": 9.0,
  "version_rolling_enabled": true,
  "hardware": "Lucky Miner LV06 (BM1366)",
  "encryption": "AES-256-GCM"
}