{
  "cv_mean": 1.0620506619888819,
  "hist_entropy_mean": 0.8380072346735457,
  "psd_peak_hz_error_hz_mean": 2.1494290878656344,
  "psd_peak_hz_iqr_hz": 2.923076923076923,
  "psd_peak_hz_median": 3.1073446327683616,
  "psd_peak_q_mean": 59.69999999999991,
  "psd_peak_snr_db_mean": 8.96502617539042,
  "schema_version": "0.1"
}
