{
  "cv_mean": 0.939341228577741,
  "hist_entropy_mean": 0.7688589336993722,
  "psd_peak_hz_error_hz_mean": 2.2670296795720173,
  "psd_peak_hz_iqr_hz": 3.737564172599463,
  "psd_peak_hz_median": 2.3352348150539948,
  "psd_peak_q_mean": 30.384259259259256,
  "psd_peak_snr_db_mean": 8.606687909000268,
  "schema_version": "0.1"
}
