{
  "counts": {
    "n_events": 29,
    "n_windows": 0
  },
  "entropy_bin_edges": [
    -1.6303970624086932,
    -1.5701753649405283,
    -1.5099536674723635,
    -1.4497319700041986,
    -1.3895102725360338,
    -1.329288575067869,
    -1.269066877599704,
    -1.2088451801315392,
    -1.1486234826633743,
    -1.0884017851952095,
    -1.0281800877270446,
    -0.9679583902588799,
    -0.9077366927907151,
    -0.8475149953225503,
    -0.7872932978543854,
    -0.7270716003862205,
    -0.6668499029180557,
    -0.6066282054498908,
    -0.546406507981726,
    -0.4861848105135611,
    -0.42596311304539625,
    -0.3657414155772314,
    -0.30551971810906653,
    -0.24529802064090167,
    -0.18507632317273703,
    -0.12485462570457218,
    -0.06463292823640732,
    -0.004411230768242458,
    0.0558104666999224,
    0.11603216416808726,
    0.17625386163625212,
    0.23647555910441698,
    0.29669725657258195
  ],
  "entropy_bins": 32,
  "expected_heartbeat_hz": 2.4,
  "log_delta_clip": 12.0,
  "psd_bin_dt_s": 0.05,
  "schema_version": "0.1",
  "window_events": 32
}
