{
  "counts": {
    "n_events": 29,
    "n_windows": 14
  },
  "entropy_bin_edges": [
    -2.292474578500799,
    -2.2088716225168477,
    -2.1252686665328966,
    -2.041665710548945,
    -1.9580627545649938,
    -1.8744597985810425,
    -1.790856842597091,
    -1.7072538866131397,
    -1.6236509306291884,
    -1.5400479746452371,
    -1.4564450186612858,
    -1.3728420626773343,
    -1.289239106693383,
    -1.2056361507094318,
    -1.1220331947254802,
    -1.038430238741529,
    -0.9548272827575777,
    -0.8712243267736264,
    -0.7876213707896751,
    -0.7040184148057236,
    -0.6204154588217723,
    -0.536812502837821,
    -0.4532095468538695,
    -0.3696065908699182,
    -0.2860036348859669,
    -0.2024006789020154,
    -0.11879772291806434,
    -0.03519476693411283,
    0.04840818904983868,
    0.13201114503378975,
    0.21561410101774126,
    0.2992170570016923,
    0.3828200129856436
  ],
  "entropy_bins": 32,
  "expected_heartbeat_hz": 2.4,
  "log_delta_clip": 12.0,
  "psd_bin_dt_s": 0.05,
  "schema_version": "0.1",
  "window_events": 16
}
