{
  "counts": {
    "n_events": 61,
    "n_windows": 46
  },
  "entropy_bin_edges": [
    -9.0,
    -8.717735490285015,
    -8.43547098057003,
    -8.153206470855045,
    -7.870941961140059,
    -7.588677451425074,
    -7.306412941710089,
    -7.024148431995104,
    -6.741883922280119,
    -6.459619412565133,
    -6.177354902850148,
    -5.895090393135163,
    -5.612825883420178,
    -5.3305613737051925,
    -5.048296863990208,
    -4.7660323542752225,
    -4.483767844560237,
    -4.201503334845252,
    -3.9192388251302663,
    -3.636974315415282,
    -3.3547098057002964,
    -3.072445295985311,
    -2.7901807862703265,
    -2.507916276555341,
    -2.2256517668403557,
    -1.9433872571253703,
    -1.661122747410385,
    -1.3788582376954004,
    -1.096593727980415,
    -0.8143292182654296,
    -0.5320647085504451,
    -0.2498001988354588,
    0.03246431087952594
  ],
  "entropy_bins": 32,
  "expected_heartbeat_hz": 2.4,
  "log_delta_clip": 12.0,
  "psd_bin_dt_s": 0.05,
  "schema_version": "0.1",
  "window_events": 16
}
