{
  "counts": {
    "n_events": 60,
    "n_windows": 0
  },
  "entropy_bin_edges": [
    -2.125887463775542,
    -2.057996316312402,
    -1.990105168849262,
    -1.9222140213861219,
    -1.8543228739229818,
    -1.7864317264598417,
    -1.7185405789967017,
    -1.6506494315335618,
    -1.5827582840704215,
    -1.5148671366072817,
    -1.4469759891441414,
    -1.3790848416810015,
    -1.3111936942178615,
    -1.2433025467547214,
    -1.1754113992915813,
    -1.1075202518284413,
    -1.0396291043653012,
    -0.9717379569021611,
    -0.9038468094390211,
    -0.835955661975881,
    -0.7680645145127409,
    -0.7001733670496009,
    -0.6322822195864608,
    -0.5643910721233207,
    -0.4964999246601809,
    -0.4286087771970408,
    -0.36071762973390076,
    -0.2928264822707607,
    -0.22493533480762062,
    -0.15704418734448056,
    -0.08915303988134049,
    -0.0212618924182002,
    0.04662925504493961
  ],
  "entropy_bins": 32,
  "expected_heartbeat_hz": 2.4,
  "log_delta_clip": 12.0,
  "psd_bin_dt_s": 0.05,
  "schema_version": "0.1",
  "window_events": 64
}
