{
  "cv_mean": 0.9037511938035949,
  "hist_entropy_mean": 0.4913785305721703,
  "psd_peak_hz_error_hz_mean": 2.0874008444042524,
  "psd_peak_hz_iqr_hz": 2.4972420018052355,
  "psd_peak_hz_median": 3.243243243243243,
  "psd_peak_q_mean": 9.148113207547173,
  "psd_peak_snr_db_mean": 8.596289462081414,
  "schema_version": "0.1"
}
