{
  "cv_mean": 1.0112523596649983,
  "hist_entropy_mean": 0.34278491232188596,
  "psd_peak_hz_error_hz_mean": 5.330791282348594,
  "psd_peak_hz_iqr_hz": 5.000000000000001,
  "psd_peak_hz_median": 10.0,
  "psd_peak_q_mean": 27.129629629629633,
  "psd_peak_snr_db_mean": 9.243731495176736,
  "schema_version": "0.1"
}
