{
  "cv_mean": 0.9626722424208745,
  "hist_entropy_mean": 0.8084294094144973,
  "psd_peak_hz_error_hz_mean": 2.6691359812847097,
  "psd_peak_hz_iqr_hz": 6.200501253132831,
  "psd_peak_hz_median": 2.4489795918367343,
  "psd_peak_q_mean": 39.22999999999999,
  "psd_peak_snr_db_mean": 8.7053862877664,
  "schema_version": "0.1"
}
