{
  "counts": {
    "n_events": 60,
    "n_windows": 45
  },
  "entropy_bin_edges": [
    -2.083754600511729,
    -2.016899349203785,
    -1.9500440978958407,
    -1.8831888465878963,
    -1.8163335952799522,
    -1.7494783439720079,
    -1.6826230926640635,
    -1.6157678413561194,
    -1.5489125900481753,
    -1.482057338740231,
    -1.4152020874322866,
    -1.3483468361243425,
    -1.2814915848163981,
    -1.2146363335084538,
    -1.1477810822005097,
    -1.0809258308925656,
    -1.0140705795846212,
    -0.9472153282766769,
    -0.8803600769687328,
    -0.8135048256607884,
    -0.7466495743528443,
    -0.6797943230449,
    -0.6129390717369558,
    -0.5460838204290115,
    -0.47922856912106715,
    -0.41237331781312303,
    -0.3455180665051787,
    -0.27866281519723457,
    -0.21180756388929023,
    -0.1449523125813461,
    -0.07809706127340199,
    -0.011241809965457428,
    0.05561344134248648
  ],
  "entropy_bins": 32,
  "expected_heartbeat_hz": 2.4,
  "log_delta_clip": 12.0,
  "psd_bin_dt_s": 0.05,
  "schema_version": "0.1",
  "window_events": 16
}
