{
  "counts": {
    "n_events": 61,
    "n_windows": 46
  },
  "entropy_bin_edges": [
    -2.1080042993463906,
    -2.041047475699259,
    -1.9740906520521275,
    -1.907133828404996,
    -1.8401770047578645,
    -1.7732201811107329,
    -1.7062633574636012,
    -1.6393065338164698,
    -1.5723497101693384,
    -1.5053928865222068,
    -1.4384360628750752,
    -1.3714792392279438,
    -1.3045224155808122,
    -1.2375655919336808,
    -1.1706087682865491,
    -1.1036519446394177,
    -1.0366951209922861,
    -0.9697382973451545,
    -0.9027814736980231,
    -0.8358246500508915,
    -0.7688678264037601,
    -0.7019110027566284,
    -0.634954179109497,
    -0.5679973554623654,
    -0.5010405318152338,
    -0.4340837081681024,
    -0.36712688452097075,
    -0.30017006087383935,
    -0.23321323722670773,
    -0.16625641357957632,
    -0.09929958993244492,
    -0.032342766285313296,
    0.0346140573618182
  ],
  "entropy_bins": 32,
  "expected_heartbeat_hz": 2.4,
  "log_delta_clip": 12.0,
  "psd_bin_dt_s": 0.05,
  "schema_version": "0.1",
  "window_events": 16
}
