{
  "config": {
    "HOST": "0.0.0.0",
    "PORT": 3333,
    "WINDOW_TIME": 2.0,
    "HANDSHAKE_TIMEOUT": 600.0,
    "WARMUP_STEPS": 15,
    "D_BASE": 1.0,
    "EPSILON": 0.05,
    "NARMA_STEPS": 500,
    "MEMORY_STEPS": 300,
    "XOR_STEPS": 300,
    "TRAIN_RATIO": 0.8,
    "RIDGE_ALPHAS": [
      0.001,
      0.01,
      0.1,
      1.0,
      10.0,
      100.0
    ],
    "RANDOM_SEED": 42
  },
  "hardware": {
    "device": "LV06",
    "protocol": "Rate-Encoded RC"
  },
  "narma10_normal": 0.22386339954268425,
  "narma10_normal_corr": 0.08014347822271646,
  "narma10_shuffle": 0.22418484737069116,
  "narma10_shuffle_corr": -0.05894166181835526,
  "narma10_constant": 0.22384330329521618,
  "narma10_constant_corr": -0.023902675574480694,
  "memory_capacity": 0.042738539647782126,
  "memory_scores": [
    [
      1,
      0.016880614708149982
    ],
    [
      2,
      0.024262136668730717
    ],
    [
      3,
      0.00046204512368536974
    ],
    [
      5,
      0.0011337431472160566
    ]
  ],
  "xor_accuracy": 0.5166666666666667,
  "verdicts": {
    "coupling": {
      "passed": false,
      "improvement": 0.1433851715568445
    },
    "entropy": {
      "passed": false,
      "improvement": -0.008977819381787384
    },
    "memory": {
      "passed": false,
      "value": 0.042738539647782126
    },
    "nonlinearity": {
      "passed": false,
      "value": 0.5166666666666667
    }
  },
  "status": "\u274c NO RC CAPABILITY DEMONSTRATED",
  "passed": 0,
  "total": 4,
  "_meta": {
    "run_id": "20251224_102516",
    "timestamp": "2025-12-24T12:06:23.682974",
    "log_file": "results\\run_20251224_102516.log",
    "code_hash": "fd32af4ce5e49084"
  }
}