{
  "cv_mean": 0.9997022012046577,
  "hist_entropy_mean": 0.6477538567277128,
  "psd_peak_hz_error_hz_mean": 2.3911130835649326,
  "psd_peak_hz_iqr_hz": 5.092656142759094,
  "psd_peak_hz_median": 2.9508196721311473,
  "psd_peak_q_mean": 13.31132075471699,
  "psd_peak_snr_db_mean": 7.464096393645164,
  "schema_version": "0.1"
}
