{
  "counts": {
    "n_events": 67,
    "n_windows": 36
  },
  "entropy_bin_edges": [
    -2.347176695539616,
    -2.274844431908886,
    -2.2025121682781563,
    -2.1301799046474263,
    -2.0578476410166964,
    -1.9855153773859668,
    -1.9131831137552369,
    -1.840850850124507,
    -1.7685185864937774,
    -1.6961863228630474,
    -1.6238540592323176,
    -1.5515217956015879,
    -1.479189531970858,
    -1.4068572683401281,
    -1.3345250047093984,
    -1.2621927410786684,
    -1.1898604774479387,
    -1.117528213817209,
    -1.045195950186479,
    -0.9728636865557492,
    -0.9005314229250194,
    -0.8281991592942894,
    -0.7558668956635597,
    -0.6835346320328299,
    -0.6112023684021,
    -0.5388701047713702,
    -0.46653784114064045,
    -0.3942055775099107,
    -0.32187331387918094,
    -0.24954105024845097,
    -0.177208786617721,
    -0.10487652298699146,
    -0.03254425935626134
  ],
  "entropy_bins": 32,
  "expected_heartbeat_hz": 2.4,
  "log_delta_clip": 12.0,
  "psd_bin_dt_s": 0.05,
  "schema_version": "0.1",
  "window_events": 32
}
