window_idx,window_t0_ns,window_t1_ns,cv,hist_entropy,hamming_norm,event_rate_hz,psd_peak_hz,psd_peak_power,psd_peak_snr_db,psd_peak_bandwidth_hz,psd_peak_q,psd_peak_hz_error_hz
0,125166413098498,125185140649950,1.1078829179652665,0.7821713688707278,0.4710441468253968,3.4174248653934494,4.586666666666667,108.3401500840674,16.140919039646473,0.10666666666666735,42.99999999999972,2.186666666666667
1,125166597806216,125185282365605,1.1113809413493754,0.783752739824512,0.4714781746031746,3.4252881573262126,2.299465240641711,117.15309925038757,16.40815237865563,0.106951871657754,21.500000000000004,0.10053475935828882
2,125166856984479,125185317874696,1.1303406036358645,0.7942208446562425,0.4710441468253968,3.466788396859897,4.594594594594595,102.77260436743677,15.832229358551938,0.10810810810810878,42.49999999999974,2.194594594594595
3,125166876895858,125185438696963,1.1204623840166932,0.7982373365847476,0.4691840277777778,3.447941265934602,2.311827956989247,111.30029817310428,16.649865160948437,0.10752688172043001,21.500000000000018,0.08817204301075288
4,125166893986101,125185515935322,1.1143755711400956,0.8009946042372423,0.46980406746031744,3.436804560063299,2.3056300268096512,120.08405093489112,17.64088615612405,0.1072386058981234,21.499999999999982,0.09436997319034868
